{"cameraMode":{"drawMode":0,"name":"Shaded","section":"Shading Mode"},"sceneLighting":false,"audioPlay":false,"sceneViewState":{"m_AlwaysRefresh":false,"showFog":true,"showSkybox":false,"showFlares":true,"showImageEffects":true,"showParticleSystems":true,"showVisualEffectGraphs":true,"m_FxEnabled":true},"in2DMode":false,"pivot":{"x":-0.06856203079223633,"y":11.630000114440918,"z":-99.51802062988281},"rotation":{"x":0.17465518414974214,"y":-0.8250967264175415,"z":0.39041492342948916,"w":0.36945003271102908},"size":0.8660253882408142,"orthographic":false}