{"cameraMode":{"drawMode":0,"name":"Shaded","section":"Shading Mode"},"sceneLighting":true,"audioPlay":false,"sceneViewState":{"m_AlwaysRefresh":false,"showFog":true,"showSkybox":true,"showFlares":true,"showImageEffects":true,"showParticleSystems":true,"showVisualEffectGraphs":true,"m_FxEnabled":true},"in2DMode":false,"pivot":{"x":-9.64908218383789,"y":-6.788951873779297,"z":1.8327617645263672},"rotation":{"x":-0.001093431143090129,"y":0.9882568717002869,"z":-0.1527077555656433,"w":-0.007114801090210676},"size":2.3138692378997804,"orthographic":false}