{"cameraMode":{"drawMode":0,"name":"Shaded","section":"Shading Mode"},"sceneLighting":true,"audioPlay":false,"sceneViewState":{"m_AlwaysRefresh":false,"showFog":true,"showSkybox":true,"showFlares":true,"showImageEffects":true,"showParticleSystems":true,"showVisualEffectGraphs":true,"m_FxEnabled":true},"in2DMode":false,"pivot":{"x":1.7999992370605469,"y":62.06999969482422,"z":-380.9333190917969},"rotation":{"x":0.0013836411526426674,"y":-1.000159740447998,"z":0.017384056001901628,"w":0.01700744777917862},"size":85.68025207519531,"orthographic":false}