{"cameraMode":{"drawMode":0,"name":"Shaded","section":"Shading Mode"},"sceneLighting":false,"audioPlay":false,"sceneViewState":{"m_AlwaysRefresh":false,"showFog":true,"showSkybox":false,"showFlares":true,"showImageEffects":true,"showParticleSystems":true,"showVisualEffectGraphs":true,"m_FxEnabled":true},"in2DMode":false,"pivot":{"x":0.8889999985694885,"y":6.249000072479248,"z":-6.736999988555908},"rotation":{"x":0.028137918561697007,"y":-0.05902961641550064,"z":-0.0016691479831933976,"w":-0.9978736639022827},"size":0.8660253882408142,"orthographic":false}